Workbook

Sheet Dashboard
A1: Digital Banking Customer Adoption & Channel Migration Analytics — Revised Master Dataset
A3: Core Revision | B3: Mobile/app users and POS removed from core benchmark and Digital Adoption Index.
A4: Peer Group | B4: Garanti BBVA, Akbank, İşbank
A5: Period | B5: 2021–2025
A6: Sector Data | B6: TBB sector data retained as separate sector trend layer.
A7: Core Bank Metrics | B7: Customer base, digital customers/users, branches, employees, ATMs.
A8: Index Type | B8: Directional, project-specific, not official ranking.
A9: Data Risk Control | B9: Definitions, proxies and approximations documented in quality flags.
A10: Prepared | B10: 2026-05-05
A12: Bank | B12: Customer Base (M) | C12: Digital Customers (M) | D12: Reported Digital Penetration | E12: Digital Customers / Branch | F12: Digital Customers / Employee | G12: Digital Customers / ATM | H12: Digital Customer Growth 2021–2025 | I12: Branch Change 2021–2025 | J12: Data Quality Warning | K12: Penetration Norm | L12: Per Branch Norm | M12: Per Employee Norm | N12: Growth Norm | O12: Directional Digital Adoption Index | P12: Rank | Q12: Interpretation
A13: =Bank_Comparison_2025!A4 -> Garanti BBVA | B13: =Bank_Comparison_2025!B4 -> 30.14166 | C13: =Bank_Comparison_2025!C4 -> 18.040749 | D13: =Bank_Comparison_2025!D4 -> 0.59853203 | E13: =Bank_Comparison_2025!E4 -> 22692.766 | F13: =Bank_Comparison_2025!F4 -> 773.91571 | G13: =Bank_Comparison_2025!G4 -> 2750.9529 | H13: =Bank_Comparison_2025!H4 -> 0.63410361 | ... Q13: =Bank_Comparison_2025!Q4 -> Directional score based on core comparable metrics only; mobile/app and POS excluded.
A14: =Bank_Comparison_2025!A5 -> Akbank | B14: =Bank_Comparison_2025!B5 -> 15.2 | C14: =Bank_Comparison_2025!C5 -> 13.2 | D14: =Bank_Comparison_2025!D5 -> 0.86842105 | E14: =Bank_Comparison_2025!E5 -> 20401.855 | F14: =Bank_Comparison_2025!F5 -> 1048.3679 | G14: =Bank_Comparison_2025!G5 -> 2078.4128 | H14: =Bank_Comparison_2025!H5 -> 1 | ... Q14: =Bank_Comparison_2025!Q5 -> Directional score based on core comparable metrics only; mobile/app and POS excluded.
A15: =Bank_Comparison_2025!A6 -> İşbank | B15: =Bank_Comparison_2025!B6 -> 25.5 | C15: =Bank_Comparison_2025!C6 -> 16.2 | D15: =Bank_Comparison_2025!D6 -> 0.63529412 | E15: =Bank_Comparison_2025!E6 -> 16248.746 | F15: =Bank_Comparison_2025!F6 -> 785.26418 | G15: =Bank_Comparison_2025!G6 -> 2363.2385 | H15: =Bank_Comparison_2025!H6 -> 0.58823529 | ... Q15: =Bank_Comparison_2025!Q6 -> Directional score based on core comparable metrics only; mobile/app and POS excluded.

Sheet Sector_TBB
A1: Sector-Level Digital Banking Adoption — TBB, 2021–2025
A3: Year | B3: Only Internet Active Customers (M) | C3: Only Mobile Active Customers (M) | D3: Both Internet+Mobile Active Customers (M) | E3: Total Active Digital Customers (M) | F3: Mobile-only Share | G3: Internet-only Share | H3: Both Channel Share | I3: YoY Total Digital Growth | J3: YoY Mobile-only Growth | K3: Data Source Note | L3: Methodology Note
A4: 2021 | B4: 2.764 | C4: 65.954 | D4: 9.214 | E4: 77.932 | F4: =C4/E4 -> 0.8463019 | G4: =B4/E4 -> 0.035466817 | H4: =D4/E4 -> 0.11823128 | K4: TBB digital/internet/mobile banking statistics file | L4: Sector-level, not deduplicated across banks
A5: 2022 | B5: 2.301 | C5: 82.304 | D5: 9.786 | E5: 94.39 | F5: =C5/E5 -> 0.87195678 | G5: =B5/E5 -> 0.024377582 | H5: =D5/E5 -> 0.10367624 | I5: =E5/E4-1 -> 0.21118411 | J5: =C5/C4-1 -> 0.24790005 | K5: TBB digital/internet/mobile banking statistics file | L5: Sector-level, not deduplicated across banks
A6: 2023 | B6: 1.802 | C6: 98.543 | D6: 10.243 | E6: 110.588 | F6: =C6/E6 -> 0.89108222 | G6: =B6/E6 -> 0.016294716 | H6: =D6/E6 -> 0.092623069 | I6: =E6/E5-1 -> 0.17160716 | J6: =C6/C5-1 -> 0.19730511 | K6: TBB digital/internet/mobile banking statistics file | L6: Sector-level, not deduplicated across banks
A7: 2024 | B7: 1.368 | C7: 109.644 | D7: 8.111 | E7: 119.123 | F7: =C7/E7 -> 0.92042679 | G7: =B7/E7 -> 0.011483928 | H7: =D7/E7 -> 0.068089286 | I7: =E7/E6-1 -> 0.077178356 | J7: =C7/C6-1 -> 0.11265133 | K7: TBB digital/internet/mobile banking statistics file | L7: Sector-level, not deduplicated across banks
A8: 2025 | B8: 1.079 | C8: 119.78 | D8: 6.818 | E8: 127.677 | F8: =C8/E8 -> 0.93814861 | G8: =B8/E8 -> 0.0084510131 | H8: =D8/E8 -> 0.053400378 | I8: =E8/E7-1 -> 0.071808131 | J8: =C8/C7-1 -> 0.092444639 | K8: TBB digital/internet/mobile banking statistics file | L8: Sector-level, not deduplicated across banks

Sheet Bank_Core_Data
A1: Core Bank Dataset — Mobile/App Users and POS Excluded from Core Benchmark
A3: Bank | B3: Year | C3: Customer_Base_Reported_M | D3: Customer_Base_Definition | E3: Digital_Customers_Reported_M | F3: Digital_Definition | G3: Branches | H3: Employees | I3: ATMs | J3: Customer_Base_Quality | K3: Digital_Customer_Quality | L3: Branch_Quality | M3: Employee_Quality | N3: ATM_Quality | O3: Source_Type | P3: Notes
A4: Garanti BBVA | B4: 2021 | C4: 20.376831 | D4: Total customers | E4: 11.04015 | F4: Digital banking customers | G4: 872 | H4: 20962 | I4: 5401 | J4: Exact | K4: Exact/Reported | L4: Exact | M4: Exact | N4: Exact | O4: Garanti 2021 Annual report / Garanti BBVA in Numbers | P4: Mobile users and POS removed from core benchmark; retained in supporting indicators.
A5: Garanti BBVA | B5: 2022 | C5: 23.179429 | D5: Total customers | E5: 13.386156 | F5: Digital banking customers | G5: 838 | H5: 21684 | I5: 5450 | J5: Exact | K5: Exact/Reported | L5: Exact | M5: Exact | N5: Exact | O5: Garanti 2021 Annual report / Garanti BBVA in Numbers | P5: Direct annual series.
A6: Garanti BBVA | B6: 2023 | C6: 25.351113 | D6: Total customers | E6: 15.046929 | F6: Digital banking customers | G6: 805 | H6: 22016 | I6: 5511 | J6: Exact | K6: Exact/Reported | L6: Exact | M6: Exact | N6: Exact | O6: Garanti 2021 Annual report / Garanti BBVA in Numbers | P6: Direct annual series.
A7: Garanti BBVA | B7: 2024 | C7: 27.717447 | D7: Total customers | E7: 16.718413 | F7: Digital banking customers | G7: 795 | H7: 22664 | I7: 5820 | J7: Exact | K7: Exact/Reported | L7: Exact | M7: Exact | N7: Exact | O7: Garanti 2021 Annual report / Garanti BBVA in Numbers | P7: Direct annual series.
A8: Garanti BBVA | B8: 2025 | C8: 30.14166 | D8: Total customers | E8: 18.040749 | F8: Digital banking customers | G8: 795 | H8: 23311 | I8: 6558 | J8: Exact | K8: Exact/Reported | L8: Exact | M8: Exact | N8: Exact | O8: Garanti 2021 Annual report / Garanti BBVA in Numbers | P8: Direct annual series.
A9: Akbank | B9: 2021 | C9: 10 | D9: Active/customers reported as over 10M | E9: 6.6 | F9: Digital banking users | G9: 711 | H9: 12000 | I9: 5300 | J9: Approximate | K9: Reported | L9: Exact | M9: Approximate | N9: Approximate | O9: Akbank 2021 Annual Report | P9: Customer base, employees and ATMs are approximate disclosures; mobile customer count unavailable.
A10: Akbank | B10: 2022 | C10: 10.8 | D10: Active customers reported as over 10.8M | E10: 8.7 | F10: Digital banking users | G10: 711 | H10: 12000 | I10: 5900 | J10: Approximate | K10: Reported | L10: Exact | M10: Approximate | N10: Approximate | O10: Akbank 2022 Annual Report | P10: Customer base, employees and ATMs are approximate disclosures; mobile customer count unavailable.
A11: Akbank | B11: 2023 | C11: 13.1 | D11: Net active customers reported as more than 13.1M | E11: 11.2 | F11: Digital banking users | G11: 705 | H11: 12000 | I11: 5854 | J11: Approximate | K11: Reported | L11: Exact | M11: Approximate | N11: Exact | O11: Akbank 2023 Annual Report | P11: Employee count rounded as 12K; mobile customer count unavailable.
A12: Akbank | B12: 2024 | C12: 14.5 | D12: Total/customers reported as 14.5M | E12: 12.5 | F12: Digital banking users | G12: 694 | H12: 12778 | I12: 6210 | J12: Reported | K12: Reported | L12: Exact | M12: Exact | N12: Exact | O12: Akbank 2024 Annual Report | P12: Operational values available from annual report.
A13: Akbank | B13: 2025 | C13: 15.2 | D13: Active customers | E13: 13.2 | F13: Active digital banking users / digital users | G13: 647 | H13: 12591 | I13: 6351 | J13: Exact/Reported | K13: Reported | L13: Exact | M13: Exact | N13: Exact | O13: Akbank 2025 Annual Report | P13: 2025 includes supporting digital indicators; mobile customer count unavailable.
A14: İşbank | B14: 2021 | C14: 20.7 | D14: Total customers | E14: 10.2 | F14: Digital banking customers | G14: 1174 | H14: 22802 | I14: 6476 | J14: Reported | K14: Reported | L14: Exact | M14: Exact | N14: Exact | O14: İşbank 2021 Annual Report | P14: Mobile users and POS removed from core benchmark; retained in supporting indicators.
A15: İşbank | B15: 2022 | C15: 22.8 | D15: Customers served | E15: 13 | F15: Digital banking customers | G15: 1110 | H15: 23309 | I15: 6169 | J15: Reported | K15: Reported | L15: Exact | M15: Exact | N15: Exact | O15: İşbank 2022 Annual Report | P15: Domestic branches used for branch count.
... A18: İşbank | B18: 2025 | C18: 25.5 | D18: Proxy: 22.7M retail + 2.8M commercial customers | E18: 16.2 | F18: Customers actively using digital banking channels | G18: 997 | H18: 20630 | I18: 6855 | J18: Proxy | K18: Reported | L18: Exact | M18: Exact | N18: Exact | O18: İşbank 4Q25 investor presentation + 2026 Offering Circular | P18: 2025 annual report unavailable; total customers is proxy.

Sheet Bank_Core_KPIs
A1: Core Bank KPIs — Formula-Driven, Comparable Directional Metrics
A3: Bank | B3: Year | C3: Reported Digital Penetration | D3: Digital Customers / Branch | E3: Digital Customers / Employee | F3: Digital Customers / ATM | G3: YoY Digital Customer Growth | H3: YoY Branch Change | I3: Core Benchmark Eligible | J3: Data Quality Warning | K3: Customer Definition | L3: Digital Definition
A4: =Bank_Core_Data!A4 -> Garanti BBVA | B4: =Bank_Core_Data!B4 -> 2021 | C4: =Bank_Core_Data!E4/Bank_Core_Data!C4 -> 0.54179916 | D4: =Bank_Core_Data!E4*1000000/Bank_Core_Data!G4 -> 12660.722 | E4: =Bank_Core_Data!E4*1000000/Bank_Core_Data!H4 -> 526.67446 | F4: =Bank_Core_Data!E4*1000000/Bank_Core_Data!I4 -> 2044.0937 | I4: Yes | J4: =Bank_Core_Data!J4&" customer base; "&Bank_Core_Data!K4&" digital customers" -> Exact customer base; Exact/Reported digital customers | K4: =Bank_Core_Data!D4 -> Total customers | L4: =Bank_Core_Data!F4 -> Digital banking customers
A5: =Bank_Core_Data!A5 -> Garanti BBVA | B5: =Bank_Core_Data!B5 -> 2022 | C5: =Bank_Core_Data!E5/Bank_Core_Data!C5 -> 0.57750154 | D5: =Bank_Core_Data!E5*1000000/Bank_Core_Data!G5 -> 15973.933 | E5: =Bank_Core_Data!E5*1000000/Bank_Core_Data!H5 -> 617.32872 | F5: =Bank_Core_Data!E5*1000000/Bank_Core_Data!I5 -> 2456.1754 | G5: =IF(A5=A4,Bank_Core_Data!E5/Bank_Core_Data!E4-1,"") -> 0.21249766 | H5: =IF(A5=A4,Bank_Core_Data!G5/Bank_Core_Data!G4-1,"") -> -0.038990826 | I5: Yes | J5: =Bank_Core_Data!J5&" customer base; "&Bank_Core_Data!K5&" digital customers" -> Exact customer base; Exact/Reported digital customers | K5: =Bank_Core_Data!D5 -> Total customers | L5: =Bank_Core_Data!F5 -> Digital banking customers
A6: =Bank_Core_Data!A6 -> Garanti BBVA | B6: =Bank_Core_Data!B6 -> 2023 | C6: =Bank_Core_Data!E6/Bank_Core_Data!C6 -> 0.59354116 | D6: =Bank_Core_Data!E6*1000000/Bank_Core_Data!G6 -> 18691.837 | E6: =Bank_Core_Data!E6*1000000/Bank_Core_Data!H6 -> 683.45426 | F6: =Bank_Core_Data!E6*1000000/Bank_Core_Data!I6 -> 2730.3446 | G6: =IF(A6=A5,Bank_Core_Data!E6/Bank_Core_Data!E5-1,"") -> 0.12406646 | H6: =IF(A6=A5,Bank_Core_Data!G6/Bank_Core_Data!G5-1,"") -> -0.039379475 | I6: Yes | J6: =Bank_Core_Data!J6&" customer base; "&Bank_Core_Data!K6&" digital customers" -> Exact customer base; Exact/Reported digital customers | K6: =Bank_Core_Data!D6 -> Total customers | L6: =Bank_Core_Data!F6 -> Digital banking customers
A7: =Bank_Core_Data!A7 -> Garanti BBVA | B7: =Bank_Core_Data!B7 -> 2024 | C7: =Bank_Core_Data!E7/Bank_Core_Data!C7 -> 0.6031729 | D7: =Bank_Core_Data!E7*1000000/Bank_Core_Data!G7 -> 21029.45 | E7: =Bank_Core_Data!E7*1000000/Bank_Core_Data!H7 -> 737.66383 | F7: =Bank_Core_Data!E7*1000000/Bank_Core_Data!I7 -> 2872.5796 | G7: =IF(A7=A6,Bank_Core_Data!E7/Bank_Core_Data!E6-1,"") -> 0.11108473 | H7: =IF(A7=A6,Bank_Core_Data!G7/Bank_Core_Data!G6-1,"") -> -0.01242236 | I7: Yes | J7: =Bank_Core_Data!J7&" customer base; "&Bank_Core_Data!K7&" digital customers" -> Exact customer base; Exact/Reported digital customers | K7: =Bank_Core_Data!D7 -> Total customers | L7: =Bank_Core_Data!F7 -> Digital banking customers
A8: =Bank_Core_Data!A8 -> Garanti BBVA | B8: =Bank_Core_Data!B8 -> 2025 | C8: =Bank_Core_Data!E8/Bank_Core_Data!C8 -> 0.59853203 | D8: =Bank_Core_Data!E8*1000000/Bank_Core_Data!G8 -> 22692.766 | E8: =Bank_Core_Data!E8*1000000/Bank_Core_Data!H8 -> 773.91571 | F8: =Bank_Core_Data!E8*1000000/Bank_Core_Data!I8 -> 2750.9529 | G8: =IF(A8=A7,Bank_Core_Data!E8/Bank_Core_Data!E7-1,"") -> 0.079094589 | H8: =IF(A8=A7,Bank_Core_Data!G8/Bank_Core_Data!G7-1,"") -> 0 | I8: Yes | J8: =Bank_Core_Data!J8&" customer base; "&Bank_Core_Data!K8&" digital customers" -> Exact customer base; Exact/Reported digital customers | K8: =Bank_Core_Data!D8 -> Total customers | L8: =Bank_Core_Data!F8 -> Digital banking customers
A9: =Bank_Core_Data!A9 -> Akbank | B9: =Bank_Core_Data!B9 -> 2021 | C9: =Bank_Core_Data!E9/Bank_Core_Data!C9 -> 0.66 | D9: =Bank_Core_Data!E9*1000000/Bank_Core_Data!G9 -> 9282.7004 | E9: =Bank_Core_Data!E9*1000000/Bank_Core_Data!H9 -> 550 | F9: =Bank_Core_Data!E9*1000000/Bank_Core_Data!I9 -> 1245.283 | I9: Yes | J9: =Bank_Core_Data!J9&" customer base; "&Bank_Core_Data!K9&" digital customers" -> Approximate customer base; Reported digital customers | K9: =Bank_Core_Data!D9 -> Active/customers reported as over 10M | L9: =Bank_Core_Data!F9 -> Digital banking users
A10: =Bank_Core_Data!A10 -> Akbank | B10: =Bank_Core_Data!B10 -> 2022 | C10: =Bank_Core_Data!E10/Bank_Core_Data!C10 -> 0.80555556 | D10: =Bank_Core_Data!E10*1000000/Bank_Core_Data!G10 -> 12236.287 | E10: =Bank_Core_Data!E10*1000000/Bank_Core_Data!H10 -> 725 | F10: =Bank_Core_Data!E10*1000000/Bank_Core_Data!I10 -> 1474.5763 | G10: =IF(A10=A9,Bank_Core_Data!E10/Bank_Core_Data!E9-1,"") -> 0.31818182 | H10: =IF(A10=A9,Bank_Core_Data!G10/Bank_Core_Data!G9-1,"") -> 0 | I10: Yes | J10: =Bank_Core_Data!J10&" customer base; "&Bank_Core_Data!K10&" digital customers" -> Approximate customer base; Reported digital customers | K10: =Bank_Core_Data!D10 -> Active customers reported as over 10.8M | L10: =Bank_Core_Data!F10 -> Digital banking users
A11: =Bank_Core_Data!A11 -> Akbank | B11: =Bank_Core_Data!B11 -> 2023 | C11: =Bank_Core_Data!E11/Bank_Core_Data!C11 -> 0.85496183 | D11: =Bank_Core_Data!E11*1000000/Bank_Core_Data!G11 -> 15886.525 | E11: =Bank_Core_Data!E11*1000000/Bank_Core_Data!H11 -> 933.33333 | F11: =Bank_Core_Data!E11*1000000/Bank_Core_Data!I11 -> 1913.2217 | G11: =IF(A11=A10,Bank_Core_Data!E11/Bank_Core_Data!E10-1,"") -> 0.28735632 | H11: =IF(A11=A10,Bank_Core_Data!G11/Bank_Core_Data!G10-1,"") -> -0.0084388186 | I11: Yes | J11: =Bank_Core_Data!J11&" customer base; "&Bank_Core_Data!K11&" digital customers" -> Approximate customer base; Reported digital customers | K11: =Bank_Core_Data!D11 -> Net active customers reported as more than 13.1M | L11: =Bank_Core_Data!F11 -> Digital banking users
A12: =Bank_Core_Data!A12 -> Akbank | B12: =Bank_Core_Data!B12 -> 2024 | C12: =Bank_Core_Data!E12/Bank_Core_Data!C12 -> 0.86206897 | D12: =Bank_Core_Data!E12*1000000/Bank_Core_Data!G12 -> 18011.527 | E12: =Bank_Core_Data!E12*1000000/Bank_Core_Data!H12 -> 978.24386 | F12: =Bank_Core_Data!E12*1000000/Bank_Core_Data!I12 -> 2012.8824 | G12: =IF(A12=A11,Bank_Core_Data!E12/Bank_Core_Data!E11-1,"") -> 0.11607143 | H12: =IF(A12=A11,Bank_Core_Data!G12/Bank_Core_Data!G11-1,"") -> -0.015602837 | I12: Yes | J12: =Bank_Core_Data!J12&" customer base; "&Bank_Core_Data!K12&" digital customers" -> Reported customer base; Reported digital customers | K12: =Bank_Core_Data!D12 -> Total/customers reported as 14.5M | L12: =Bank_Core_Data!F12 -> Digital banking users
A13: =Bank_Core_Data!A13 -> Akbank | B13: =Bank_Core_Data!B13 -> 2025 | C13: =Bank_Core_Data!E13/Bank_Core_Data!C13 -> 0.86842105 | D13: =Bank_Core_Data!E13*1000000/Bank_Core_Data!G13 -> 20401.855 | E13: =Bank_Core_Data!E13*1000000/Bank_Core_Data!H13 -> 1048.3679 | F13: =Bank_Core_Data!E13*1000000/Bank_Core_Data!I13 -> 2078.4128 | G13: =IF(A13=A12,Bank_Core_Data!E13/Bank_Core_Data!E12-1,"") -> 0.056 | H13: =IF(A13=A12,Bank_Core_Data!G13/Bank_Core_Data!G12-1,"") -> -0.067723343 | I13: Yes | J13: =Bank_Core_Data!J13&" customer base; "&Bank_Core_Data!K13&" digital customers" -> Exact/Reported customer base; Reported digital customers | K13: =Bank_Core_Data!D13 -> Active customers | L13: =Bank_Core_Data!F13 -> Active digital banking users / digital users
A14: =Bank_Core_Data!A14 -> İşbank | B14: =Bank_Core_Data!B14 -> 2021 | C14: =Bank_Core_Data!E14/Bank_Core_Data!C14 -> 0.49275362 | D14: =Bank_Core_Data!E14*1000000/Bank_Core_Data!G14 -> 8688.2453 | E14: =Bank_Core_Data!E14*1000000/Bank_Core_Data!H14 -> 447.32918 | F14: =Bank_Core_Data!E14*1000000/Bank_Core_Data!I14 -> 1575.0463 | I14: Yes | J14: =Bank_Core_Data!J14&" customer base; "&Bank_Core_Data!K14&" digital customers" -> Reported customer base; Reported digital customers | K14: =Bank_Core_Data!D14 -> Total customers | L14: =Bank_Core_Data!F14 -> Digital banking customers
A15: =Bank_Core_Data!A15 -> İşbank | B15: =Bank_Core_Data!B15 -> 2022 | C15: =Bank_Core_Data!E15/Bank_Core_Data!C15 -> 0.57017544 | D15: =Bank_Core_Data!E15*1000000/Bank_Core_Data!G15 -> 11711.712 | E15: =Bank_Core_Data!E15*1000000/Bank_Core_Data!H15 -> 557.72448 | F15: =Bank_Core_Data!E15*1000000/Bank_Core_Data!I15 -> 2107.3107 | G15: =IF(A15=A14,Bank_Core_Data!E15/Bank_Core_Data!E14-1,"") -> 0.2745098 | H15: =IF(A15=A14,Bank_Core_Data!G15/Bank_Core_Data!G14-1,"") -> -0.05451448 | I15: Yes | J15: =Bank_Core_Data!J15&" customer base; "&Bank_Core_Data!K15&" digital customers" -> Reported customer base; Reported digital customers | K15: =Bank_Core_Data!D15 -> Customers served | L15: =Bank_Core_Data!F15 -> Digital banking customers
A16: =Bank_Core_Data!A16 -> İşbank | B16: =Bank_Core_Data!B16 -> 2023 | C16: =Bank_Core_Data!E16/Bank_Core_Data!C16 -> 0.61728395 | D16: =Bank_Core_Data!E16*1000000/Bank_Core_Data!G16 -> 14071.295 | E16: =Bank_Core_Data!E16*1000000/Bank_Core_Data!H16 -> 708.65026 | F16: =Bank_Core_Data!E16*1000000/Bank_Core_Data!I16 -> 2376.4259 | G16: =IF(A16=A15,Bank_Core_Data!E16/Bank_Core_Data!E15-1,"") -> 0.15384615 | H16: =IF(A16=A15,Bank_Core_Data!G16/Bank_Core_Data!G15-1,"") -> -0.03963964 | I16: Yes | J16: =Bank_Core_Data!J16&" customer base; "&Bank_Core_Data!K16&" digital customers" -> Reported customer base; Approximate digital customers | K16: =Bank_Core_Data!D16 -> Customers served | L16: =Bank_Core_Data!F16 -> Approx. digital banking customers
A17: =Bank_Core_Data!A17 -> İşbank | B17: =Bank_Core_Data!B17 -> 2024 | C17: =Bank_Core_Data!E17/Bank_Core_Data!C17 -> 0.668 | D17: =Bank_Core_Data!E17*1000000/Bank_Core_Data!G17 -> 16501.976 | E17: =Bank_Core_Data!E17*1000000/Bank_Core_Data!H17 -> 812.25681 | F17: =Bank_Core_Data!E17*1000000/Bank_Core_Data!I17 -> 2570.8128 | G17: =IF(A17=A16,Bank_Core_Data!E17/Bank_Core_Data!E16-1,"") -> 0.11333333 | H17: =IF(A17=A16,Bank_Core_Data!G17/Bank_Core_Data!G16-1,"") -> -0.05065666 | I17: Yes | J17: =Bank_Core_Data!J17&" customer base; "&Bank_Core_Data!K17&" digital customers" -> Approximate customer base; Reported digital customers | K17: =Bank_Core_Data!D17 -> Approx. customers | L17: =Bank_Core_Data!F17 -> Digital banking customers
A18: =Bank_Core_Data!A18 -> İşbank | B18: =Bank_Core_Data!B18 -> 2025 | C18: =Bank_Core_Data!E18/Bank_Core_Data!C18 -> 0.63529412 | D18: =Bank_Core_Data!E18*1000000/Bank_Core_Data!G18 -> 16248.746 | E18: =Bank_Core_Data!E18*1000000/Bank_Core_Data!H18 -> 785.26418 | F18: =Bank_Core_Data!E18*1000000/Bank_Core_Data!I18 -> 2363.2385 | G18: =IF(A18=A17,Bank_Core_Data!E18/Bank_Core_Data!E17-1,"") -> -0.02994012 | H18: =IF(A18=A17,Bank_Core_Data!G18/Bank_Core_Data!G17-1,"") -> -0.014822134 | I18: Yes | J18: =Bank_Core_Data!J18&" customer base; "&Bank_Core_Data!K18&" digital customers" -> Proxy customer base; Reported digital customers | K18: =Bank_Core_Data!D18 -> Proxy: 22.7M retail + 2.8M commercial customers | L18: =Bank_Core_Data!F18 -> Customers actively using digital banking channels

Sheet Bank_Comparison_2025
A1: 2025 Core Bank Comparison and Directional Digital Adoption Index
A3: Bank | B3: Customer Base (M) | C3: Digital Customers (M) | D3: Reported Digital Penetration | E3: Digital Customers / Branch | F3: Digital Customers / Employee | G3: Digital Customers / ATM | H3: Digital Customer Growth 2021–2025 | I3: Branch Change 2021–2025 | J3: Data Quality Warning | K3: Penetration Norm | L3: Per Branch Norm | M3: Per Employee Norm | N3: Growth Norm | O3: Directional Digital Adoption Index | P3: Rank | Q3: Interpretation
A4: Garanti BBVA | B4: =Bank_Core_Data!C8 -> 30.14166 | C4: =Bank_Core_Data!E8 -> 18.040749 | D4: =Bank_Core_KPIs!C8 -> 0.59853203 | E4: =Bank_Core_KPIs!D8 -> 22692.766 | F4: =Bank_Core_KPIs!E8 -> 773.91571 | G4: =Bank_Core_KPIs!F8 -> 2750.9529 | H4: =Bank_Core_Data!E8/Bank_Core_Data!E4-1 -> 0.63410361 | I4: =Bank_Core_Data!G8/Bank_Core_Data!G4-1 -> -0.088302752 | J4: =Bank_Core_KPIs!J8 -> Exact customer base; Exact/Reported digital customers | K4: =IF(MAX($D$4:$D$6)=MIN($D$4:$D$6),1,(D4-MIN($D$4:$D$6))/(MAX($D$4:$D$6)-MIN($D$4:$D$6))) -> 0 | L4: =IF(MAX($E$4:$E$6)=MIN($E$4:$E$6),1,(E4-MIN($E$4:$E$6))/(MAX($E$4:$E$6)-MIN($E$4:$E$6))) -> 1 | M4: =IF(MAX($F$4:$F$6)=MIN($F$4:$F$6),1,(F4-MIN($F$4:$F$6))/(MAX($F$4:$F$6)-MIN($F$4:$F$6))) -> 0 | N4: =IF(MAX($H$4:$H$6)=MIN($H$4:$H$6),1,(H4-MIN($H$4:$H$6))/(MAX($H$4:$H$6)-MIN($H$4:$H$6))) -> 0.11139449 | O4: =100*(0.3*K4+0.3*L4+0.2*M4+0.2*N4) -> 32.22789 | P4: =_xludf.RANK.EQ(O4,$O$4:$O$6,0) -> #NAME? | Q4: ="Directional score based on core comparable metrics only; mobile/app and POS excluded." -> Directional score based on core comparable metrics only; mobile/app and POS excluded.
A5: Akbank | B5: =Bank_Core_Data!C13 -> 15.2 | C5: =Bank_Core_Data!E13 -> 13.2 | D5: =Bank_Core_KPIs!C13 -> 0.86842105 | E5: =Bank_Core_KPIs!D13 -> 20401.855 | F5: =Bank_Core_KPIs!E13 -> 1048.3679 | G5: =Bank_Core_KPIs!F13 -> 2078.4128 | H5: =Bank_Core_Data!E13/Bank_Core_Data!E9-1 -> 1 | I5: =Bank_Core_Data!G13/Bank_Core_Data!G9-1 -> -0.090014065 | J5: =Bank_Core_KPIs!J13 -> Exact/Reported customer base; Reported digital customers | K5: =IF(MAX($D$4:$D$6)=MIN($D$4:$D$6),1,(D5-MIN($D$4:$D$6))/(MAX($D$4:$D$6)-MIN($D$4:$D$6))) -> 1 | L5: =IF(MAX($E$4:$E$6)=MIN($E$4:$E$6),1,(E5-MIN($E$4:$E$6))/(MAX($E$4:$E$6)-MIN($E$4:$E$6))) -> 0.64449033 | M5: =IF(MAX($F$4:$F$6)=MIN($F$4:$F$6),1,(F5-MIN($F$4:$F$6))/(MAX($F$4:$F$6)-MIN($F$4:$F$6))) -> 1 | N5: =IF(MAX($H$4:$H$6)=MIN($H$4:$H$6),1,(H5-MIN($H$4:$H$6))/(MAX($H$4:$H$6)-MIN($H$4:$H$6))) -> 1 | O5: =100*(0.3*K5+0.3*L5+0.2*M5+0.2*N5) -> 89.33471 | P5: =_xludf.RANK.EQ(O5,$O$4:$O$6,0) -> #NAME? | Q5: ="Directional score based on core comparable metrics only; mobile/app and POS excluded." -> Directional score based on core comparable metrics only; mobile/app and POS excluded.
A6: İşbank | B6: =Bank_Core_Data!C18 -> 25.5 | C6: =Bank_Core_Data!E18 -> 16.2 | D6: =Bank_Core_KPIs!C18 -> 0.63529412 | E6: =Bank_Core_KPIs!D18 -> 16248.746 | F6: =Bank_Core_KPIs!E18 -> 785.26418 | G6: =Bank_Core_KPIs!F18 -> 2363.2385 | H6: =Bank_Core_Data!E18/Bank_Core_Data!E14-1 -> 0.58823529 | I6: =Bank_Core_Data!G18/Bank_Core_Data!G14-1 -> -0.15076661 | J6: =Bank_Core_KPIs!J18 -> Proxy customer base; Reported digital customers | K6: =IF(MAX($D$4:$D$6)=MIN($D$4:$D$6),1,(D6-MIN($D$4:$D$6))/(MAX($D$4:$D$6)-MIN($D$4:$D$6))) -> 0.13621186 | L6: =IF(MAX($E$4:$E$6)=MIN($E$4:$E$6),1,(E6-MIN($E$4:$E$6))/(MAX($E$4:$E$6)-MIN($E$4:$E$6))) -> 0 | M6: =IF(MAX($F$4:$F$6)=MIN($F$4:$F$6),1,(F6-MIN($F$4:$F$6))/(MAX($F$4:$F$6)-MIN($F$4:$F$6))) -> 0.041349548 | N6: =IF(MAX($H$4:$H$6)=MIN($H$4:$H$6),1,(H6-MIN($H$4:$H$6))/(MAX($H$4:$H$6)-MIN($H$4:$H$6))) -> 0 | O6: =100*(0.3*K6+0.3*L6+0.2*M6+0.2*N6) -> 4.9133468 | P6: =_xludf.RANK.EQ(O6,$O$4:$O$6,0) -> #NAME? | Q6: ="Directional score based on core comparable metrics only; mobile/app and POS excluded." -> Directional score based on core comparable metrics only; mobile/app and POS excluded.

Sheet Supporting_Indicators
A1: Supporting Indicators — Excluded from Core Benchmark / Index
A3: Bank | B3: Year | C3: Indicator | D3: Value | E3: Unit | F3: Use in Project | G3: Comparability | H3: Definition / Note | I3: Core Benchmark Use
A4: Garanti BBVA | B4: 2021 | C4: mobile_banking_customers | D4: 10.608777 | E4: million customers | F4: Supporting only — excluded from core benchmark/index | G4: Medium-High | H4: Mobile banking customer disclosure; not available for all peer banks. | I4: Excluded
A5: Garanti BBVA | B5: 2021 | C5: pos_terminals | D5: 700616 | E5: count | F5: Supporting only — excluded from core benchmark/index | G5: Medium | H5: POS definitions may differ by bank. | I5: Excluded
A6: Garanti BBVA | B6: 2022 | C6: mobile_banking_customers | D6: 13.032549 | E6: million customers | F6: Supporting only — excluded from core benchmark/index | G6: Medium-High | H6: Mobile banking customer disclosure; not available for all peer banks. | I6: Excluded
A7: Garanti BBVA | B7: 2022 | C7: pos_terminals | D7: 777497 | E7: count | F7: Supporting only — excluded from core benchmark/index | G7: Medium | H7: POS definitions may differ by bank. | I7: Excluded
A8: Garanti BBVA | B8: 2023 | C8: mobile_banking_customers | D8: 14.76862 | E8: million customers | F8: Supporting only — excluded from core benchmark/index | G8: Medium-High | H8: Mobile banking customer disclosure; not available for all peer banks. | I8: Excluded
A9: Garanti BBVA | B9: 2023 | C9: pos_terminals | D9: 808478 | E9: count | F9: Supporting only — excluded from core benchmark/index | G9: Medium | H9: POS definitions may differ by bank. | I9: Excluded
A10: Garanti BBVA | B10: 2024 | C10: mobile_banking_customers | D10: 16.520118 | E10: million customers | F10: Supporting only — excluded from core benchmark/index | G10: Medium-High | H10: Mobile banking customer disclosure; not available for all peer banks. | I10: Excluded
A11: Garanti BBVA | B11: 2024 | C11: pos_terminals | D11: 864055 | E11: count | F11: Supporting only — excluded from core benchmark/index | G11: Medium | H11: POS definitions may differ by bank. | I11: Excluded
A12: Garanti BBVA | B12: 2025 | C12: mobile_banking_customers | D12: 17.893337 | E12: million customers | F12: Supporting only — excluded from core benchmark/index | G12: Medium-High | H12: Mobile banking customer disclosure; not available for all peer banks. | I12: Excluded
A13: Garanti BBVA | B13: 2025 | C13: pos_terminals | D13: 870653 | E13: count | F13: Supporting only — excluded from core benchmark/index | G13: Medium | H13: POS definitions may differ by bank. | I13: Excluded
A14: Akbank | B14: 2021 | C14: pos_terminals | D14: 680000 | E14: count | F14: Supporting only — excluded from core benchmark/index | G14: Medium | H14: Includes virtual POS where disclosed; POS definitions may differ by bank. | I14: Excluded
A15: Akbank | B15: 2022 | C15: pos_terminals | D15: 734000 | E15: count | F15: Supporting only — excluded from core benchmark/index | G15: Medium | H15: Includes virtual POS where disclosed; POS definitions may differ by bank. | I15: Excluded
... A70: İşbank | B70: 2025 | C70: bank_owned_pos_terminals | D70: 121363 | E70: count | F70: Supporting only — alternative POS definition | G70: Low | H70: Bank-owned POS terminals; not main POS series. | I70: Excluded

Sheet Data_Quality_Flags
A1: Data Quality Flags and Risk Controls
A3: Area | B3: Decision / Flag | C3: Reason
A4: Mobile/App Users | B4: Excluded from core benchmark and Digital Adoption Index | C4: Akbank does not disclose a comparable mobile customer/user series; Garanti mobile customers and İşbank İşCep users remain supporting indicators.
A5: POS | B5: Excluded from core benchmark and Digital Adoption Index | C5: POS definitions differ materially across banks: terminals, devices, virtual POS, bank-owned POS, software-enabled POS.
A6: Customer Base | B6: Use reported/proxy customer base carefully | C6: Garanti reports total customers; Akbank reports active/net active customers; İşbank 2025 uses retail+commercial proxy.
A7: Digital Customers / Users | B7: Medium-High directional comparability | C7: Definitions are similar but not guaranteed to be standardized across banks.
A8: Akbank 2021–2023 | B8: Approximate values | C8: Some values are disclosed as over/approximately/rounded; derived KPIs are directional.
A9: İşbank 2025 | B9: Annual report not available | C9: 2025 values rely on Q4 investor presentation and 2026 Offering Circular; total customer base is a proxy.
A10: TBB Sector Data | B10: Separate from bank-level benchmark | C10: TBB sector figures are not deduplicated across banks and should not be mixed directly with bank-level peer comparisons.
A11: Digital Adoption Index | B11: Directional project-specific index | C11: Not an official ranking; built only from core comparable indicators.
A12: Winner Language | B12: Avoid absolute claims | C12: Use wording such as 'shows stronger reported digital scale' rather than 'best digital bank'.

Sheet Metric_Dictionary
A1: Metric Dictionary
A3: Metric | B3: Definition | C3: Category | D3: Notes
A4: customer_base_reported_m | B4: Reported customer base in millions | C4: Core | D4: Uses each bank’s reported/proxy customer base; definitions differ.
A5: digital_customers_reported_m | B5: Reported digital customers/users in millions | C5: Core | D5: Directional cross-bank metric; taxonomy may differ.
A6: branches | B6: Domestic branch count | C6: Core | D6: Used for branch-to-digital efficiency.
A7: employees | B7: Employee count | C7: Core | D7: Used for digital customers per employee.
A8: atms | B8: ATM count | C8: Core | D8: Operational network indicator.
A9: reported_digital_penetration | B9: digital_customers_reported_m / customer_base_reported_m | C9: Core KPI | D9: Approximate where customer base is approximate/proxy.
A10: digital_customers_per_branch | B10: digital_customers_reported_m * 1,000,000 / branches | C10: Core KPI | D10: Primary branch-to-digital efficiency metric.
A11: digital_customers_per_employee | B11: digital_customers_reported_m * 1,000,000 / employees | C11: Core KPI | D11: Primary workforce scalability proxy.
A12: digital_customers_per_atm | B12: digital_customers_reported_m * 1,000,000 / atms | C12: Core KPI | D12: Secondary channel efficiency metric.
A13: digital_customer_yoy_growth | B13: YoY change in reported digital customers/users | C13: Core KPI | D13: Calculated within each bank.
A14: digital_customer_growth_2021_2025 | B14: 2025 digital customers / 2021 digital customers - 1 | C14: Core index input | D14: Directional growth input.
... A17: non_branch_transaction_ratio | B17: Share of transactions through non-branch channels | C17: Supporting | D17: Useful insight, not core score input.

Sheet Methodology_Notes
A1: Methodology Notes
A3: Area | B3: Note
A4: Project Scope | B4: Digital Banking Customer Adoption & Channel Migration Analytics: Turkey, 2021–2025.
A5: Core Benchmark | B5: Uses only cross-bank comparable directional metrics: reported customer base, reported digital customers/users, branches, employees, ATMs and derived ratios.
A6: Excluded from Core | B6: Mobile/app user counts and POS values are excluded from the core benchmark and Digital Adoption Index.
A7: Mobile/App Rationale | B7: Garanti and İşbank disclose mobile/app user data, but Akbank does not disclose a comparable mobile customer series. Akbank is assessed through digital users and transaction-channel indicators.
A8: POS Rationale | B8: POS values have inconsistent definitions across banks; they remain supporting network indicators only.
A9: Customer Base Caveat | B9: Garanti reports total customers, Akbank reports active/net active customers in some years, and İşbank 2025 uses a retail + commercial proxy.
A10: Digital Customer Caveat | B10: Digital customer/user definitions are based on bank disclosures and are directionally comparable, not regulatory-grade standardized.
A11: TBB Sector Data | B11: TBB sector data is not deduplicated across banks; interpret as sector-level active digital banking customer records.
A12: İşbank 2025 Caveat | B12: 2025 values use Q4 investor presentation and 2026 Offering Circular because the 2025 annual report was not available.
A13: Digital Adoption Index | B13: The index is project-specific and directional. It is not an official industry ranking.
A14: Index Formula | B14: 0.30 × Digital Penetration Norm + 0.30 × Digital Customers/Branch Norm + 0.20 × Digital Customers/Employee Norm + 0.20 × 2021–2025 Digital Customer Growth Norm.
A15: Prepared | B15: 2026-05-05
